-- MySQL dump 10.13  Distrib 8.0.34, for Win64 (x86_64)
--
-- Host: localhost    Database: isklad
-- ------------------------------------------------------
-- Server version	8.0.34

/*!40101 SET @OLD_CHARACTER_SET_CLIENT=@@CHARACTER_SET_CLIENT */;
/*!40101 SET @OLD_CHARACTER_SET_RESULTS=@@CHARACTER_SET_RESULTS */;
/*!40101 SET @OLD_COLLATION_CONNECTION=@@COLLATION_CONNECTION */;
/*!50503 SET NAMES utf8mb4 */;
/*!40103 SET @OLD_TIME_ZONE=@@TIME_ZONE */;
/*!40103 SET TIME_ZONE='+00:00' */;
/*!40014 SET @OLD_UNIQUE_CHECKS=@@UNIQUE_CHECKS, UNIQUE_CHECKS=0 */;
/*!40014 SET @OLD_FOREIGN_KEY_CHECKS=@@FOREIGN_KEY_CHECKS, FOREIGN_KEY_CHECKS=0 */;
/*!40101 SET @OLD_SQL_MODE=@@SQL_MODE, SQL_MODE='NO_AUTO_VALUE_ON_ZERO' */;
/*!40111 SET @OLD_SQL_NOTES=@@SQL_NOTES, SQL_NOTES=0 */;

--
-- Table structure for table `inventory`
--

DROP TABLE IF EXISTS `inventory`;
/*!40101 SET @saved_cs_client     = @@character_set_client */;
/*!50503 SET character_set_client = utf8mb4 */;
CREATE TABLE `inventory` (
  `id` int NOT NULL AUTO_INCREMENT,
  `product_id` int DEFAULT NULL,
  `location_id` int DEFAULT NULL,
  `quantity` int DEFAULT NULL,
  PRIMARY KEY (`id`),
  KEY `product_id` (`product_id`),
  KEY `location_id` (`location_id`),
  CONSTRAINT `inventory_ibfk_1` FOREIGN KEY (`product_id`) REFERENCES `products` (`id`),
  CONSTRAINT `inventory_ibfk_2` FOREIGN KEY (`location_id`) REFERENCES `locations` (`id`)
) ENGINE=InnoDB AUTO_INCREMENT=49 DEFAULT CHARSET=utf8mb4 COLLATE=utf8mb4_unicode_ci;
/*!40101 SET character_set_client = @saved_cs_client */;

--
-- Dumping data for table `inventory`
--

LOCK TABLES `inventory` WRITE;
/*!40000 ALTER TABLE `inventory` DISABLE KEYS */;
INSERT INTO `inventory` VALUES (1,1,3,120),(2,2,6,50),(3,3,8,100),(4,4,2,75),(5,5,7,60),(6,6,5,200),(7,7,9,40),(8,8,4,80),(9,9,10,90),(10,10,1,70),(11,11,3,110),(12,12,6,45),(13,13,8,130),(14,14,2,55),(15,15,7,70),(16,16,5,180),(17,17,9,30),(18,18,4,95),(19,19,10,120),(20,20,1,65),(21,21,3,140),(22,22,6,65),(23,23,8,160),(24,24,2,50),(25,25,7,75),(26,26,5,160),(27,27,9,35),(28,28,4,100),(29,29,10,110),(30,30,1,75),(31,31,3,150),(32,32,6,60),(33,33,8,180),(34,34,2,45),(35,35,7,80),(36,36,5,140),(37,37,9,40),(38,38,4,90),(39,39,10,130),(40,40,1,70),(41,41,3,120),(42,42,6,55),(43,43,8,170),(44,44,2,60),(45,45,7,65),(46,46,5,170),(47,47,9,50),(48,48,4,110);
/*!40000 ALTER TABLE `inventory` ENABLE KEYS */;
UNLOCK TABLES;

--
-- Table structure for table `locations`
--

DROP TABLE IF EXISTS `locations`;
/*!40101 SET @saved_cs_client     = @@character_set_client */;
/*!50503 SET character_set_client = utf8mb4 */;
CREATE TABLE `locations` (
  `id` int NOT NULL AUTO_INCREMENT,
  `name` varchar(50) COLLATE utf8mb4_unicode_ci DEFAULT NULL,
  PRIMARY KEY (`id`)
) ENGINE=InnoDB AUTO_INCREMENT=11 DEFAULT CHARSET=utf8mb4 COLLATE=utf8mb4_unicode_ci;
/*!40101 SET character_set_client = @saved_cs_client */;

--
-- Dumping data for table `locations`
--

LOCK TABLES `locations` WRITE;
/*!40000 ALTER TABLE `locations` DISABLE KEYS */;
INSERT INTO `locations` VALUES (1,'╨Ч╨╛╨╗╨╛╤В╨╛╨╣ ╨Ф╤А╨░╨║╨╛╨╜'),(2,'╨в╨░╨▓╨╡╤А╨╜╨░ ╨Ч╨░╨║╨░╤В╨╜╨╛╨│╨╛ ╨Ь╨░╨│╨░'),(3,'╨Ы╤Г╨╜╨╜╤Л╨╣ ╨Ь╨╡╨┤╨▓╨╡╨┤╤М'),(4,'╨в╨░╨╕╨╜╤Б╤В╨▓╨╡╨╜╨╜╤Л╨╡ ╨Т╤А╨░╤В╨░'),(5,'╨Ъ╤Г╨╖╨╜╨╕╤Ж╨░ ╨У╤А╨╕╤Д╨╛╨╜╨░'),(6,'╨в╤А╨╕ ╨Я╨╡╤А╨╜╨░╤В╤Л╤Е ╨н╨╗╤М╤Д╨░'),(7,'╨б╨╡╤А╨╡╨▒╤А╤П╨╜╤Л╨╣ ╨Т╨╛╨╗╨║'),(8,'\"╨в╨░╨╜╤Ж╤Г╤О╤Й╨░╤П ╨д╨╡╤П'),(9,'╨Я╨╛╤Б╨╛╤Е ╨╕ ╨Ь╨╡╤З'),(10,'╨Ю╨У╨а╨Ю╨С╨Р╨а╨м╨Ъ╨Р╨д╨Х');
/*!40000 ALTER TABLE `locations` ENABLE KEYS */;
UNLOCK TABLES;

--
-- Table structure for table `products`
--

DROP TABLE IF EXISTS `products`;
/*!40101 SET @saved_cs_client     = @@character_set_client */;
/*!50503 SET character_set_client = utf8mb4 */;
CREATE TABLE `products` (
  `id` int NOT NULL AUTO_INCREMENT,
  `name` varchar(50) COLLATE utf8mb4_unicode_ci DEFAULT NULL,
  `description` text COLLATE utf8mb4_unicode_ci,
  `price` float DEFAULT NULL,
  PRIMARY KEY (`id`)
) ENGINE=InnoDB AUTO_INCREMENT=49 DEFAULT CHARSET=utf8mb4 COLLATE=utf8mb4_unicode_ci;
/*!40101 SET character_set_client = @saved_cs_client */;

--
-- Dumping data for table `products`
--

LOCK TABLES `products` WRITE;
/*!40000 ALTER TABLE `products` DISABLE KEYS */;
INSERT INTO `products` VALUES (1,'╨Ч╨▓╨╡╨╖╨┤╨╜╤Л╨╣ ╤Н╨╗╨╕╨║╤Б╨╕╤А','╨б╨▓╨╡╤В╤П╤Й╨╕╨╣╤Б╤П ╨╜╨░╨┐╨╕╤В╨╛╨║ ╤Б ╨▓╨║╤Г╤Б╨╛╨╝ ╤В╤А╨╛╨┐╨╕╤З╨╡╤Б╨║╨╕╤Е ╤Д╤А╤Г╨║╤В╨╛╨▓',120),(2,'╨Ы╤Г╨╜╨╜╨░╤П ╤А╨╛╤Б╨░','╨Я╤А╨╛╨╖╤А╨░╤З╨╜╤Л╨╣ ╨╜╨░╨┐╨╕╤В╨╛╨║ ╤Б ╤Е╨╛╨╗╨╛╨┤╨╜╤Л╨╝ ╨╝╤П╤В╨╜╤Л╨╝ ╨▓╨║╤Г╤Б╨╛╨╝',100),(3,'╨б╤Г╨╝╨╡╤А╨╡╤З╨╜╤Л╨╣ ╨╝╨╡╨┤','╨в╨╡╨╝╨╜╤Л╨╣ ╨╝╨╡╨┤╨╛╨▓╤Л╨╣ ╨╜╨░╨┐╨╕╤В╨╛╨║ ╤Б ╨╜╨╛╤В╨║╨░╨╝╨╕ ╨╗╨╡╤Б╨╜╤Л╤Е ╤П╨│╨╛╨┤',150),(4,'╨Ю╨│╨╜╨╡╨╜╨╜╤Л╨╣ ╨║╤А╨░╨│','╨Ъ╤А╨╡╨┐╨║╨╕╨╣ ╨░╨╗╨║╨╛╨│╨╛╨╗╤М ╤Б ╨╛╤Б╤В╤А╤Л╨╝ ╨┐╤А╤П╨╜╤Л╨╝ ╨▓╨║╤Г╤Б╨╛╨╝',200),(5,'╨н╨╗╤М ╨╕╨╖╤Г╨╝╤А╤Г╨┤╨╜╤Л╤Е ╨┤╨╛╨╗╨╕╨╜','╨б╨▓╨╡╤В╨╗╨╛-╨╖╨╡╨╗╨╡╨╜╤Л╨╣ ╤Н╨╗╤М ╤Б ╤В╤А╨░╨▓╤П╨╜╤Л╨╝╨╕ ╨╜╨╛╤В╨║╨░╨╝╨╕',90),(6,'╨Ь╨╛╤А╤Б╨║╨╛╨╣ ╨┤╤А╨░╨║╨╛╨╜','╨б╨╕╨╜╨╕╨╣ ╨╜╨░╨┐╨╕╤В╨╛╨║ ╤Б ╨▓╨║╤Г╤Б╨╛╨╝ ╨╝╨╛╤А╤Б╨║╨╛╨╣ ╤Б╨╛╨╗╨╕ ╨╕ ╤Ж╨╕╤В╤А╤Г╤Б╨╛╨▓',130),(7,'╨Ч╨░╨║╨░╤В╨╜╤Л╨╣ ╨╝╨╡╨┤╨╛╨▓╤Г╤Е','╨Ю╤А╨░╨╜╨╢╨╡╨▓╤Л╨╣ ╨╜╨░╨┐╨╕╤В╨╛╨║ ╤Б ╨╝╨╡╨┤╨╛╨▓╤Л╨╝ ╨▓╨║╤Г╤Б╨╛╨╝ ╨╕ ╨╜╨╛╤В╨║╨░╨╝╨╕ ╨▓╨░╨╜╨╕╨╗╨╕',140),(8,'╨Ъ╤А╨╕╤Б╤В╨░╨╗╤М╨╜╨░╤П ╨▓╨╛╨┤╨░','╨Я╤А╨╛╨╖╤А╨░╤З╨╜╤Л╨╣, ╤Б╨╗╨╡╨│╨║╨░ ╨│╨░╨╖╨╕╤А╨╛╨▓╨░╨╜╨╜╤Л╨╣ ╨╜╨░╨┐╨╕╤В╨╛╨║ ╤Б ╨╗╨╡╨│╨║╨╕╨╝ ╤Ж╨▓╨╡╤В╨╛╤З╨╜╤Л╨╝ ╨▓╨║╤Г╤Б╨╛╨╝',80),(9,'╨в╤Г╨╝╨░╨╜╨╜╤Л╨╣ ╨┐╨╛╤А╤В╨╡╤А','╨в╨╡╨╝╨╜╨╛╨╡ ╨┐╨╕╨▓╨╛ ╤Б ╨░╤А╨╛╨╝╨░╤В╨╛╨╝ ╨║╨╛╤Д╨╡ ╨╕ ╤И╨╛╨║╨╛╨╗╨░╨┤╨░',110),(10,'╨Т╨╕╤Е╤А╨╡╨▓╨╛╨╣ ╨░╨▒╤Б╨╡╨╜╤В','╨п╤А╨║╨╛-╨╖╨╡╨╗╨╡╨╜╤Л╨╣ ╨╜╨░╨┐╨╕╤В╨╛╨║ ╤Б ╤Б╨╕╨╗╤М╨╜╤Л╨╝ ╤В╤А╨░╨▓╤П╨╜╤Л╨╝ ╨░╤А╨╛╨╝╨░╤В╨╛╨╝',180),(11,'╨н╨╗╨╕╨║╤Б╨╕╤А ╨▓╨╡╤З╨╜╨╛╤Б╤В╨╕','╨б╨▓╨╡╤В╤П╤Й╨╕╨╣╤Б╤П ╨│╨╛╨╗╤Г╨▒╨╛╨╣ ╨╜╨░╨┐╨╕╤В╨╛╨║ ╤Б ╨▓╨║╤Г╤Б╨╛╨╝ ╨╝╨╛╤А╨╛╨╖╨╜╨╛╨╣ ╨╝╤П╤В╤Л',160),(12,'╨Ы╨╡╤Б╨╜╨╛╨╣ ╨┤╨╢╨╕╨╜','╨Я╤А╨╛╨╖╤А╨░╤З╨╜╤Л╨╣ ╨╜╨░╨┐╨╕╤В╨╛╨║ ╤Б ╨░╤А╨╛╨╝╨░╤В╨╛╨╝ ╤Е╨▓╨╛╨╕ ╨╕ ╤П╨│╨╛╨┤',140),(13,'╨Ч╨╛╨╗╨╛╤В╨╛╨╣ ╤А╨╛╨╝','╨п╨╜╤В╨░╤А╨╜╤Л╨╣ ╨╜╨░╨┐╨╕╤В╨╛╨║ ╤Б ╤Б╨╗╨░╨┤╨║╨╕╨╝ ╨▓╨║╤Г╤Б╨╛╨╝ ╨╕ ╨░╤А╨╛╨╝╨░╤В╨╛╨╝ ╤Б╨┐╨╡╤Ж╨╕╨╣',150),(14,'╨Ъ╤А╨╛╨▓╨░╨▓╤Л╨╣ ╨╝╨░╤А╨│╨░╤А╨╕╤В╨░','╨Ъ╤А╨░╤Б╨╜╤Л╨╣ ╨╜╨░╨┐╨╕╤В╨╛╨║ ╤Б ╨▓╨║╤Г╤Б╨╛╨╝ ╨░╨┐╨╡╨╗╤М╤Б╨╕╨╜╨░ ╨╕ ╨╗╨░╨╣╨╝╨░',130),(15,'╨в╨░╨╕╨╜╤Б╤В╨▓╨╡╨╜╨╜╤Л╨╣ ╨▓╨╡╤А╨╝╤Г╤В','╨в╨╡╨╝╨╜╨╛-╤Д╨╕╨╛╨╗╨╡╤В╨╛╨▓╤Л╨╣ ╨╜╨░╨┐╨╕╤В╨╛╨║ ╤Б ╨░╤А╨╛╨╝╨░╤В╨╛╨╝ ╤В╤А╨░╨▓ ╨╕ ╤Б╨┐╨╡╤Ж╨╕╨╣',170),(16,'╨Я╨╡╤А╨╗╨░╨╝╤Г╤В╤А╨╛╨▓╨╛╨╡ ╨┐╨╕╨▓╨╛','╨С╨╗╨╡╤Б╤В╤П╤Й╨╡╨╡ ╨┐╨╕╨▓╨╛ ╤Б ╨╗╨╡╨│╨║╨╕╨╝ ╨▓╨║╤Г╤Б╨╛╨╝ ╤Д╤А╤Г╨║╤В╨╛╨▓',100),(17,'╨б╨╡╤А╨╡╨▒╤А╤П╨╜╤Л╨╣ ╤Б╨╕╨┤╤А','╨б╨▓╨╡╤В╨╗╨╛-╨╢╨╡╨╗╤В╤Л╨╣ ╨╜╨░╨┐╨╕╤В╨╛╨║ ╤Б ╤П╨▒╨╗╨╛╤З╨╜╤Л╨╝ ╨▓╨║╤Г╤Б╨╛╨╝ ╨╕ ╨▒╨╗╨╡╤Б╨║╨╛╨╝',110),(18,'╨в╨╡╨╝╨╜╤Л╨╣ ╨▒╤А╨░╨│╨░','╨в╨╡╨╝╨╜╤Л╨╣ ╨╜╨░╨┐╨╕╤В╨╛╨║ ╤Б ╨│╤Г╤Б╤В╤Л╨╝ ╨▓╨║╤Г╤Б╨╛╨╝ ╨╕ ╨░╤А╨╛╨╝╨░╤В╨╛╨╝ ╨║╨░╤А╨░╨╝╨╡╨╗╨╕',140),(19,'╨б╨▓╨╡╤В ╨╝╤А╨░╨║╨░','╨з╨╡╤А╨╜╤Л╨╣ ╨╜╨░╨┐╨╕╤В╨╛╨║ ╤Б ╨▓╨║╤Г╤Б╨╛╨╝ ╤З╨╡╤А╨╜╨╛╨╣ ╤Б╨╝╨╛╤А╨╛╨┤╨╕╨╜╤Л',160),(20,'╨Ч╨╡╨╗╨╡╨╜╨░╤П ╨▓╨╛╨╗╨╜╨░','╨Ч╨╡╨╗╨╡╨╜╤Л╨╣ ╨╜╨░╨┐╨╕╤В╨╛╨║ ╤Б ╨╛╤Б╤В╤А╤Л╨╝ ╨▓╨║╤Г╤Б╨╛╨╝ ╨╕ ╨░╤А╨╛╨╝╨░╤В╨╛╨╝ ╨╝╤П╤В╤Л',120),(21,'╨Я╨╗╨░╨╝╨╡╨╜╨╜╤Л╨╣ ╨╗╨╕╨║╨╡╤А','╨Ъ╤А╨░╤Б╨╜╤Л╨╣ ╨╛╨│╨╜╨╡╨╜╨╜╤Л╨╣ ╨╜╨░╨┐╨╕╤В╨╛╨║ ╤Б ╨╛╤Б╤В╤А╤Л╨╝ ╨┐╨╡╤А╨╡╤З╨╜╤Л╨╝ ╨▓╨║╤Г╤Б╨╛╨╝',190),(22,'╨Ы╨╡╨┤╤П╨╜╨╛╨╣ ╤Н╨╗╤М','╨б╨▓╨╡╤В╨╗╨╛-╨│╨╛╨╗╤Г╨▒╨╛╨╣ ╨╜╨░╨┐╨╕╤В╨╛╨║ ╤Б ╨▓╨║╤Г╤Б╨╛╨╝ ╨╗╨╡╨┤╤П╨╜╨╛╨╣ ╨╝╤П╤В╤Л',100),(23,'╨Ч╨▓╨╡╨╖╨┤╨╜╨╛╨╡ ╨┐╨╕╨▓╨╛','╨в╨╡╨╝╨╜╨╛╨╡ ╨┐╨╕╨▓╨╛ ╤Б ╨▒╨╗╨╡╤Б╤В╨║╨░╨╝╨╕ ╨╕ ╨▓╨║╤Г╤Б╨╛╨╝ ╤З╨╡╤А╨╜╨╛╨│╨╛ ╤И╨╛╨║╨╛╨╗╨░╨┤╨░',120),(24,'╨б╨╕╤П╤О╤Й╨╕╨╣ ╤Б╨░╨╝╨▒╤Г╨║╨░','╨п╤А╨║╨╛-╨▒╨╡╨╗╤Л╨╣ ╨╜╨░╨┐╨╕╤В╨╛╨║ ╤Б ╨░╨╜╨╕╤Б╨╛╨▓╤Л╨╝ ╨▓╨║╤Г╤Б╨╛╨╝',160),(25,'╨Ф╤А╨░╨║╨╛╨╜╤М╨╡ ╨┐╨╕╨▓╨╛','╨Ъ╤А╨░╤Б╨╜╨╛╨╡ ╨┐╨╕╨▓╨╛ ╤Б ╨╛╤Б╤В╤А╤Л╨╝ ╨▓╨║╤Г╤Б╨╛╨╝ ╨╕ ╨┤╤Л╨╝╤З╨░╤В╤Л╨╝ ╨░╤А╨╛╨╝╨░╤В╨╛╨╝',140),(26,'╨Э╨╡╨║╤В╨░╤А ╨▒╨╛╨│╨╛╨▓','╨Ч╨╛╨╗╨╛╤В╨╕╤Б╤В╤Л╨╣ ╨╜╨░╨┐╨╕╤В╨╛╨║ ╤Б ╤Д╤А╤Г╨║╤В╨╛╨▓╤Л╨╝ ╨▓╨║╤Г╤Б╨╛╨╝ ╨╕ ╤Б╨╗╨░╨┤╨║╨╕╨╝ ╨░╤А╨╛╨╝╨░╤В╨╛╨╝',180),(27,'╨Ц╨╡╨╝╤З╤Г╨╢╨╜╤Л╨╣ ╤Н╨╗╤М','╨С╨╗╨╡╤Б╤В╤П╤Й╨╕╨╣ ╨▒╨╡╨╗╤Л╨╣ ╨╜╨░╨┐╨╕╤В╨╛╨║ ╤Б ╨╜╨╡╨╢╨╜╤Л╨╝ ╨▓╨║╤Г╤Б╨╛╨╝ ╨╕ ╨░╤А╨╛╨╝╨░╤В╨╛╨╝ ╤Ж╨▓╨╡╤В╨╛╨▓',110),(28,'╨Ы╤Г╨╜╨╜╤Л╨╣ ╨╝╨╡╨┤','╨б╨╡╤А╨╡╨▒╤А╨╕╤Б╤В╤Л╨╣ ╨╝╨╡╨┤╨╛╨▓╤Л╨╣ ╨╜╨░╨┐╨╕╤В╨╛╨║ ╤Б ╨░╤А╨╛╨╝╨░╤В╨╛╨╝ ╨╗╨░╨▓╨░╨╜╨┤╤Л',150),(29,'╨б╨╛╨╗╨╜╨╡╤З╨╜╤Л╨╣ ╨╗╨╕╨║╨╡╤А','╨п╤А╨║╨╛-╨╢╨╡╨╗╤В╤Л╨╣ ╨╜╨░╨┐╨╕╤В╨╛╨║ ╤Б ╨▓╨║╤Г╤Б╨╛╨╝ ╨░╨┐╨╡╨╗╤М╤Б╨╕╨╜╨░ ╨╕ ╨╝╨╡╨┤╨░',140),(30,'╨в╨╡╨╝╨╜╤Л╨╡ ╨▓╨╛╨┤╤Л','╨в╨╡╨╝╨╜╨╛-╤Б╨╕╨╜╨╕╨╣ ╨╜╨░╨┐╨╕╤В╨╛╨║ ╤Б ╨│╨╗╤Г╨▒╨╛╨║╨╕╨╝ ╨▓╨║╤Г╤Б╨╛╨╝ ╨╝╨╛╤А╤П ╨╕ ╤Б╨╛╨╗╨╕',170),(31,'╨а╨░╤Б╤Б╨▓╨╡╤В╨╜╤Л╨╣ ╨▓╨╡╤А╨╝╤Г╤В','╨Ю╤А╨░╨╜╨╢╨╡╨▓╤Л╨╣ ╨╜╨░╨┐╨╕╤В╨╛╨║ ╤Б ╤В╤А╨░╨▓╤П╨╜╤Л╨╝ ╨░╤А╨╛╨╝╨░╤В╨╛╨╝ ╨╕ ╨▓╨║╤Г╤Б╨╛╨╝ ╤Ж╨╕╤В╤А╤Г╤Б╨╛╨▓',160),(32,'╨б╨╕╤П╤О╤Й╨░╤П ╨▓╨╛╨┤╨░','╨Я╤А╨╛╨╖╤А╨░╤З╨╜╤Л╨╣ ╨╜╨░╨┐╨╕╤В╨╛╨║ ╤Б ╨╗╨╡╨│╨║╨╕╨╝ ╨▓╨║╤Г╤Б╨╛╨╝ ╨╕ ╨╝╨╡╤А╤Ж╨░╤О╤Й╨╕╨╝╨╕ ╨▒╨╗╨╡╤Б╤В╨║╨░╨╝╨╕',90),(33,'╨Я╤Г╤А╨┐╤Г╤А╨╜╤Л╨╣ ╨┐╨╛╤А╤В╨╡╤А','╨в╨╡╨╝╨╜╨╛╨╡ ╨┐╨╕╨▓╨╛ ╤Б ╨░╤А╨╛╨╝╨░╤В╨╛╨╝ ╤З╨╡╤А╨╜╨╛╤Б╨╗╨╕╨▓╨░ ╨╕ ╨▓╨░╨╜╨╕╨╗╨╕',130),(34,'╨Ч╨╛╨╗╨╛╤В╨░╤П ╨▓╨╛╨╗╨╜╨░','╨Ч╨╛╨╗╨╛╤В╨╕╤Б╤В╤Л╨╣ ╨╜╨░╨┐╨╕╤В╨╛╨║ ╤Б ╨▓╨║╤Г╤Б╨╛╨╝ ╨╝╨╡╨┤╨░ ╨╕ ╨░╤А╨╛╨╝╨░╤В╨╛╨╝ ╤Б╨┐╨╡╤Ж╨╕╨╣',150),(35,'╨а╤Г╨▒╨╕╨╜╨╛╨▓╤Л╨╣ ╤А╨╛╨╝','╨Ъ╤А╨░╤Б╨╜╤Л╨╣ ╨╜╨░╨┐╨╕╤В╨╛╨║ ╤Б ╨▓╨║╤Г╤Б╨╛╨╝ ╨▓╨╕╤И╨╜╨╕ ╨╕ ╨┐╤А╤П╨╜╤Л╨╝ ╨░╤А╨╛╨╝╨░╤В╨╛╨╝',170),(36,'╨б╨╡╤А╨╡╨▒╤А╤П╨╜╤Л╨╣ ╤Б╨╕╨┤╤А','╨б╨▓╨╡╤В╨╗╨╛-╤Б╨╡╤А╤Л╨╣ ╨╜╨░╨┐╨╕╤В╨╛╨║ ╤Б ╤П╨▒╨╗╨╛╤З╨╜╤Л╨╝ ╨▓╨║╤Г╤Б╨╛╨╝ ╨╕ ╨╝╨╡╤А╤Ж╨░╤О╤Й╨╕╨╝╨╕ ╨▒╨╗╨╡╤Б╤В╨║╨░╨╝╨╕',120),(37,'╨Ы╤Г╨╜╨╜╨╛╨╡ ╨┐╨╕╨▓╨╛','╨б╨▓╨╡╤В╨╗╨╛-╤Б╨╡╤А╨╛╨╡ ╨┐╨╕╨▓╨╛ ╤Б ╨▓╨║╤Г╤Б╨╛╨╝ ╨╗╨░╨▓╨░╨╜╨┤╤Л ╨╕ ╨╜╨╛╤В╨║╨░╨╝╨╕ ╤Ж╨▓╨╡╤В╨╛╨▓',110),(38,'╨Ч╨▓╨╡╨╖╨┤╨╜╤Л╨╣ ╤Б╨░╨╝╨▒╤Г╨║╨░','╨б╨▓╨╡╤В╤П╤Й╨╕╨╣╤Б╤П ╨▒╨╡╨╗╤Л╨╣ ╨╜╨░╨┐╨╕╤В╨╛╨║ ╤Б ╨░╨╜╨╕╤Б╨╛╨▓╤Л╨╝ ╨▓╨║╤Г╤Б╨╛╨╝',170),(39,'╨Ф╤А╨░╨║╨╛╨╜╤М╤П ╨║╤А╨╛╨▓╤М','╨в╨╡╨╝╨╜╨╛-╨║╤А╨░╤Б╨╜╤Л╨╣ ╨╜╨░╨┐╨╕╤В╨╛╨║ ╤Б ╨╛╤Б╤В╤А╤Л╨╝ ╨▓╨║╤Г╤Б╨╛╨╝ ╨╕ ╨┤╤Л╨╝╤З╨░╤В╤Л╨╝ ╨░╤А╨╛╨╝╨░╤В╨╛╨╝',200),(40,'╨Э╨╡╨║╤В╨░╤А ╤Н╨╗╤М╤Д╨╛╨▓','╨Ч╨╡╨╗╨╡╨╜╤Л╨╣ ╨╜╨░╨┐╨╕╤В╨╛╨║ ╤Б ╤Д╤А╤Г╨║╤В╨╛╨▓╤Л╨╝ ╨▓╨║╤Г╤Б╨╛╨╝ ╨╕ ╤Б╨╗╨░╨┤╨║╨╕╨╝ ╨░╤А╨╛╨╝╨░╤В╨╛╨╝',160),(41,'╨Ц╨╡╨╝╤З╤Г╨╢╨╜╤Л╨╣ ╨╗╨╕╨║╨╡╤А','╨С╨╗╨╡╤Б╤В╤П╤Й╨╕╨╣ ╨▒╨╡╨╗╤Л╨╣ ╨╜╨░╨┐╨╕╤В╨╛╨║ ╤Б ╨╜╨╡╨╢╨╜╤Л╨╝ ╨▓╨║╤Г╤Б╨╛╨╝ ╨╕ ╨░╤А╨╛╨╝╨░╤В╨╛╨╝ ╤Ж╨▓╨╡╤В╨╛╨▓',140),(42,'╨Ы╤Г╨╜╨╜╤Л╨╣ ╨▓╨╡╤А╨╝╤Г╤В','╨б╨╡╤А╨╡╨▒╤А╨╕╤Б╤В╤Л╨╣ ╨╜╨░╨┐╨╕╤В╨╛╨║ ╤Б ╤В╤А╨░╨▓╤П╨╜╤Л╨╝ ╨░╤А╨╛╨╝╨░╤В╨╛╨╝ ╨╕ ╨▓╨║╤Г╤Б╨╛╨╝ ╤Ж╨╕╤В╤А╤Г╤Б╨╛╨▓',150),(43,'╨б╨╛╨╗╨╜╨╡╤З╨╜╨░╤П ╨▓╨╛╨┤╨░','╨п╤А╨║╨╛-╨╢╨╡╨╗╤В╤Л╨╣ ╨╜╨░╨┐╨╕╤В╨╛╨║ ╤Б ╨╗╨╡╨│╨║╨╕╨╝ ╨▓╨║╤Г╤Б╨╛╨╝ ╨╕ ╨╝╨╡╤А╤Ж╨░╤О╤Й╨╕╨╝╨╕ ╨▒╨╗╨╡╤Б╤В╨║╨░╨╝╨╕',100),(44,'╨а╨░╤Б╤Б╨▓╨╡╤В╨╜╤Л╨╣ ╨┐╨╛╤А╤В╨╡╤А','╨Ю╤А╨░╨╜╨╢╨╡╨▓╨╛╨╡ ╨┐╨╕╨▓╨╛ ╤Б ╨░╤А╨╛╨╝╨░╤В╨╛╨╝ ╤З╨╡╤А╨╜╨╛╤Б╨╗╨╕╨▓╨░ ╨╕ ╨▓╨░╨╜╨╕╨╗╨╕',130),(45,'╨Ч╨╛╨╗╨╛╤В╤Л╨╡ ╨▓╨╛╨┤╤Л','╨Ч╨╛╨╗╨╛╤В╨╕╤Б╤В╤Л╨╣ ╨╜╨░╨┐╨╕╤В╨╛╨║ ╤Б ╨│╨╗╤Г╨▒╨╛╨║╨╕╨╝ ╨▓╨║╤Г╤Б╨╛╨╝ ╨╝╨╡╨┤╨░ ╨╕ ╤Б╨┐╨╡╤Ж╨╕╨╣',170),(46,'╨а╤Г╨▒╨╕╨╜╨╛╨▓╨░╤П ╨▓╨╛╨╗╨╜╨░','╨Ъ╤А╨░╤Б╨╜╤Л╨╣ ╨╜╨░╨┐╨╕╤В╨╛╨║ ╤Б ╨▓╨║╤Г╤Б╨╛╨╝ ╨▓╨╕╤И╨╜╨╕ ╨╕ ╨┐╤А╤П╨╜╤Л╨╝ ╨░╤А╨╛╨╝╨░╤В╨╛╨╝',160),(47,'╨б╨╡╤А╨╡╨▒╤А╤П╨╜╨░╤П ╤А╨╛╤Б╨░','╨б╨▓╨╡╤В╨╗╨╛-╤Б╨╡╤А╤Л╨╣ ╨╜╨░╨┐╨╕╤В╨╛╨║ ╤Б ╤П╨▒╨╗╨╛╤З╨╜╤Л╨╝ ╨▓╨║╤Г╤Б╨╛╨╝ ╨╕ ╨╝╨╡╤А╤Ж╨░╤О╤Й╨╕╨╝╨╕ ╨▒╨╗╨╡╤Б╤В╨║╨░╨╝╨╕',120),(48,'╨Ы╤Г╨╜╨╜╤Л╨╣ ╤Н╨╗╤М','╨б╨▓╨╡╤В╨╗╨╛-╤Б╨╡╤А╤Л╨╣ ╤Н╨╗╤М ╤Б ╨▓╨║╤Г╤Б╨╛╨╝ ╨╗╨░╨▓╨░╨╜╨┤╤Л ╨╕ ╨╜╨╛╤В╨║╨░╨╝╨╕ ╤Ж╨▓╨╡╤В╨╛╨▓',110);
/*!40000 ALTER TABLE `products` ENABLE KEYS */;
UNLOCK TABLES;
/*!40103 SET TIME_ZONE=@OLD_TIME_ZONE */;

/*!40101 SET SQL_MODE=@OLD_SQL_MODE */;
/*!40014 SET FOREIGN_KEY_CHECKS=@OLD_FOREIGN_KEY_CHECKS */;
/*!40014 SET UNIQUE_CHECKS=@OLD_UNIQUE_CHECKS */;
/*!40101 SET CHARACTER_SET_CLIENT=@OLD_CHARACTER_SET_CLIENT */;
/*!40101 SET CHARACTER_SET_RESULTS=@OLD_CHARACTER_SET_RESULTS */;
/*!40101 SET COLLATION_CONNECTION=@OLD_COLLATION_CONNECTION */;
/*!40111 SET SQL_NOTES=@OLD_SQL_NOTES */;

-- Dump completed on 2023-10-26 18:57:02
